,Timestamp,current_year,faculty,hs_average,nationality_status,parent1_education,parent2_education,social_time,class_attendance,screen_time,sleep_time,excercise_time,school_work_time,coop_time,academic_priority,current_average
12,11/8/2018 11:30:59,4,Engineering,95-100%,1st_Gen,Post-Graduate,Undergraduate,2,2,Almost Always,Enough,4+ days,I usually keep up,"Significant,but less than school",1,6
13,11/8/2018 13:47:48,3,Engineering,85-89%,2nd+_Gen,Undergraduate,Undergraduate,1,2,A significant amount,Enough,0 - 1 day,Only before a deliverable,A lot less than school work,1,4
14,11/8/2018 13:49:44,3,Engineering,90-94%,2nd+_Gen,Undergraduate,Undergraduate,1,2,A significant amount,Enough,2 - 3 days,I usually keep up,A lot less than school work,0,7
16,11/8/2018 14:12:19,3,Engineering,85-89%,1st_Gen,College,College,2,1,A significant amount,Enough,0 - 1 day,Only before a deliverable,A lot less than school work,1,3
17,11/8/2018 14:33:08,3,Engineering,90-94%,1st_Gen,Post-Graduate,Post-Graduate,2,1,A significant amount,Not Enough,0 - 1 day,I usually keep up,"Significant,but less than school",0,4
18,11/8/2018 14:43:13,2,Engineering,95-100%,2nd+_Gen,Post-Graduate,Post-Graduate,2,2,A significant amount,Enough,2 - 3 days,I usually keep up,"Significant,but less than school",1,4
19,11/8/2018 14:43:47,3,Engineering,90-94%,1st_Gen,Undergraduate,Post-Graduate,0,1,Almost Always,Not Enough,0 - 1 day,Only before a deliverable,Same or More,1,3
20,11/8/2018 14:43:47,2,Engineering,85-89%,2nd+_Gen,Post-Graduate,Post-Graduate,2,2,A significant amount,Enough,0 - 1 day,Only before a deliverable,Same or More,0,3
21,11/8/2018 14:45:25,4,Engineering,85-89%,2nd+_Gen,High School,High School,1,2,A significant amount,Enough,0 - 1 day,I usually keep up,A lot less than school work,1,4
22,11/8/2018 14:45:54,2,Engineering,95-100%,2nd+_Gen,Undergraduate,Undergraduate,1,2,Almost Always,More than Enough,4+ days,Only before a deliverable,"Significant,but less than school",1,7
23,11/8/2018 14:46:06,2,Engineering,90-94%,1st_Gen,Undergraduate,Undergraduate,1,2,Almost Always,Enough,4+ days,I usually keep up,A lot less than school work,1,3
24,11/8/2018 14:48:32,3,Engineering,90-94%,2nd+_Gen,Undergraduate,Undergraduate,2,2,A significant amount,Enough,2 - 3 days,Only before a deliverable,Same or More,1,4
25,11/8/2018 14:48:54,3,Engineering,90-94%,2nd+_Gen,Post-Graduate,Post-Graduate,2,2,Regularly,Enough,2 - 3 days,I usually keep up,"Significant,but less than school",1,6
26,11/8/2018 14:52:30,1,Engineering,90-94%,2nd+_Gen,Post-Graduate,Undergraduate,1,2,A significant amount,Not Enough,2 - 3 days,I usually keep up,"Significant,but less than school",1,2
27,11/8/2018 14:53:57,4,Engineering,85-89%,2nd+_Gen,Undergraduate,Undergraduate,2,1,A significant amount,Enough,0 - 1 day,Only before a deliverable,"Significant,but less than school",0,7
28,11/8/2018 14:54:06,4,Engineering,90-94%,2nd+_Gen,College,Undergraduate,2,2,A significant amount,Not Enough,0 - 1 day,Only before a deliverable,"Significant,but less than school",1,2
29,11/8/2018 14:54:11,4,Engineering,90-94%,2nd+_Gen,Post-Graduate,Undergraduate,2,1,Almost Always,Enough,4+ days,Only before a deliverable,"Significant,but less than school",0,4
30,11/8/2018 14:56:12,3,Engineering,90-94%,2nd+_Gen,College,College,2,2,Almost Always,Not Enough,0 - 1 day,Only before a deliverable,A lot less than school work,1,2
31,11/8/2018 14:58:15,4,Engineering,90-94%,2nd+_Gen,Undergraduate,Undergraduate,2,1,A significant amount,Not Enough,2 - 3 days,Only before a deliverable,"Significant,but less than school",1,1
32,11/8/2018 15:00:16,2,Engineering,90-94%,2nd+_Gen,Undergraduate,Post-Graduate,1,1,Almost Always,Not Enough,0 - 1 day,Only before a deliverable,A lot less than school work,1,1
33,11/8/2018 15:00:46,3,Engineering,95-100%,2nd+_Gen,Undergraduate,Post-Graduate,2,0,Almost Always,Not Enough,0 - 1 day,I usually keep up,"Significant,but less than school",0,7
34,11/8/2018 15:00:55,3,Engineering,90-94%,2nd+_Gen,Undergraduate,Undergraduate,2,1,Almost Always,Enough,0 - 1 day,Only before a deliverable,"Significant,but less than school",1,1
35,11/8/2018 15:02:00,2,Engineering,90-94%,2nd+_Gen,Undergraduate,Post-Graduate,2,2,A significant amount,Not Enough,0 - 1 day,I usually keep up,A lot less than school work,0,3
36,11/8/2018 15:04:11,4,Engineering,95-100%,1st_Gen,Undergraduate,Post-Graduate,2,2,Almost Always,Not Enough,0 - 1 day,I usually keep up,"Significant,but less than school",0,4
37,11/8/2018 15:05:46,3,Engineering,90-94%,2nd+_Gen,Undergraduate,Undergraduate,2,2,Almost Always,Not Enough,0 - 1 day,Only before a deliverable,Almost none,1,4
38,11/8/2018 15:10:37,1,Engineering,90-94%,2nd+_Gen,Undergraduate,High School,2,2,Almost Always,Enough,0 - 1 day,I usually keep up,A lot less than school work,1,4
39,11/8/2018 15:10:50,3,Engineering,90-94%,Internationl,College,College,1,2,Regularly,Not Enough,0 - 1 day,I usually keep up,A lot less than school work,1,3
40,11/8/2018 15:11:16,2,Engineering,90-94%,1st_Gen,Undergraduate,,2,2,A significant amount,Enough,2 - 3 days,I usually keep up,"Significant,but less than school",0,7
41,11/8/2018 15:13:21,3,Engineering,95-100%,2nd+_Gen,High School,High School,0,2,Almost Always,Enough,0 - 1 day,"Very regularly, I'm always on top of my work",A lot less than school work,0,8
42,11/8/2018 15:13:59,3,Engineering,90-94%,Internationl,Post-Graduate,Undergraduate,0,1,Almost Always,Not Enough,0 - 1 day,"Very regularly, I'm always on top of my work",A lot less than school work,0,4
43,11/8/2018 15:14:37,3,Engineering,90-94%,Internationl,Post-Graduate,Undergraduate,0,1,Almost Always,Not Enough,0 - 1 day,"Very regularly, I'm always on top of my work",A lot less than school work,0,4
44,11/8/2018 15:15:38,3,Engineering,90-94%,2nd+_Gen,College,High School,2,2,A significant amount,Enough,0 - 1 day,I usually keep up,"Significant,but less than school",0,6
45,11/8/2018 15:16:07,3,Engineering,90-94%,2nd+_Gen,Post-Graduate,Post-Graduate,2,2,A significant amount,Enough,2 - 3 days,I usually keep up,"Significant,but less than school",1,3
46,11/8/2018 15:20:32,3,Engineering,90-94%,Internationl,High School,College,2,2,Almost Always,Not Enough,0 - 1 day,I usually keep up,Almost none,0,0
47,11/8/2018 15:21:07,2,Engineering,95-100%,1st_Gen,Undergraduate,Undergraduate,2,2,A significant amount,Enough,4+ days,I usually keep up,Almost none,0,4
48,11/8/2018 15:21:51,2,Engineering,95-100%,2nd+_Gen,Post-Graduate,Undergraduate,0,2,A significant amount,Enough,0 - 1 day,Only before a deliverable,A lot less than school work,0,6
49,11/8/2018 15:22:20,4,Engineering,80-84%,2nd+_Gen,Post-Graduate,Post-Graduate,0,1,A significant amount,Enough,0 - 1 day,Only before a deliverable,A lot less than school work,1,1
50,11/8/2018 15:22:28,3,Engineering,90-94%,Internationl,Undergraduate,High School,1,2,Almost Always,Not Enough,0 - 1 day,Only before a deliverable,Almost none,0,2
51,11/8/2018 15:23:19,1,Engineering,95-100%,2nd+_Gen,Post-Graduate,Undergraduate,1,2,A significant amount,Enough,0 - 1 day,Only before a deliverable,Almost none,0,6
52,11/8/2018 15:23:20,3,Engineering,95-100%,2nd+_Gen,Undergraduate,College,2,2,Almost Always,Enough,2 - 3 days,Only before a deliverable,A lot less than school work,0,7
53,11/8/2018 15:23:43,1,Engineering,95-100%,2nd+_Gen,Undergraduate,College,0,2,Regularly,Not Enough,2 - 3 days,I usually keep up,"Significant,but less than school",0,6
54,11/8/2018 15:23:58,4,Engineering,85-89%,1st_Gen,Undergraduate,Post-Graduate,1,2,Almost Always,Enough,0 - 1 day,I usually keep up,"Significant,but less than school",0,3
55,11/8/2018 15:25:07,3,Engineering,90-94%,2nd+_Gen,Undergraduate,Undergraduate,2,2,A significant amount,Enough,2 - 3 days,I usually keep up,A lot less than school work,1,3
56,11/8/2018 15:28:06,1,Engineering,90-94%,1st_Gen,Undergraduate,Undergraduate,1,2,A significant amount,Enough,0 - 1 day,I usually keep up,A lot less than school work,0,0
57,11/8/2018 15:29:05,2,Engineering,85-89%,1st_Gen,College,College,2,2,A significant amount,Not Enough,2 - 3 days,I usually keep up,"Significant,but less than school",1,6
58,11/8/2018 15:29:33,2,Engineering,90-94%,2nd+_Gen,High School,High School,0,2,Regularly,More than Enough,2 - 3 days,I usually keep up,"Significant,but less than school",0,6
59,11/8/2018 15:29:36,3,Engineering,90-94%,2nd+_Gen,College,High School,1,2,A significant amount,Enough,0 - 1 day,I usually keep up,"Significant,but less than school",0,6
60,11/8/2018 15:33:07,4,Engineering,95-100%,2nd+_Gen,Post-Graduate,Post-Graduate,2,2,A significant amount,Enough,2 - 3 days,I usually keep up,"Significant,but less than school",0,8
61,11/8/2018 15:33:10,4,Engineering,95-100%,2nd+_Gen,Post-Graduate,Post-Graduate,1,2,Regularly,Not Enough,0 - 1 day,"Very regularly, I'm always on top of my work",Same or More,0,8
62,11/8/2018 15:34:04,4,Engineering,95-100%,1st_Gen,Post-Graduate,Undergraduate,2,2,Almost Always,Not Enough,2 - 3 days,Only before a deliverable,A lot less than school work,0,8
63,11/8/2018 15:34:10,4,Engineering,95-100%,2nd+_Gen,Post-Graduate,College,1,2,Almost Always,Not Enough,0 - 1 day,Only before a deliverable,"Significant,but less than school",0,8
64,11/8/2018 15:35:00,2,Engineering,85-89%,1st_Gen,Undergraduate,High School,1,2,A significant amount,Not Enough,0 - 1 day,Only before a deliverable,A lot less than school work,0,6
65,11/8/2018 15:35:47,4,Engineering,85-89%,2nd+_Gen,College,College,2,2,A significant amount,Not Enough,4+ days,Only before a deliverable,A lot less than school work,1,4
66,11/8/2018 15:35:57,4,Engineering,90-94%,2nd+_Gen,College,College,1,2,A significant amount,Not Enough,2 - 3 days,Only before a deliverable,"Significant,but less than school",0,7
67,11/8/2018 15:36:18,1,Engineering,95-100%,1st_Gen,College,College,2,1,Regularly,Not Enough,4+ days,I usually keep up,A lot less than school work,0,3
68,11/8/2018 15:37:45,3,Engineering,95-100%,2nd+_Gen,Undergraduate,Undergraduate,0,2,A significant amount,Not Enough,0 - 1 day,I usually keep up,"Significant,but less than school",1,4
69,11/8/2018 15:38:13,2,Engineering,90-94%,Internationl,Post-Graduate,Post-Graduate,2,2,Almost Always,Enough,0 - 1 day,Only before a deliverable,Almost none,0,6
70,11/8/2018 15:38:40,3,Engineering,90-94%,1st_Gen,Post-Graduate,Post-Graduate,1,1,A significant amount,Not Enough,4+ days,I usually keep up,A lot less than school work,0,6
71,11/8/2018 15:44:00,3,Engineering,<80%,2nd+_Gen,Post-Graduate,Post-Graduate,1,2,A significant amount,Enough,2 - 3 days,,Almost none,1,7
72,11/8/2018 15:44:25,3,Engineering,90-94%,2nd+_Gen,College,College,2,1,Almost Always,Not Enough,0 - 1 day,I usually keep up,A lot less than school work,1,6
73,11/8/2018 15:46:28,3,Engineering,95-100%,2nd+_Gen,Undergraduate,Undergraduate,2,1,Almost Always,Not Enough,4+ days,I usually keep up,"Significant,but less than school",1,8
74,11/8/2018 15:46:38,3,Engineering,90-94%,1st_Gen,Undergraduate,Undergraduate,1,2,Almost Always,Not Enough,0 - 1 day,I usually keep up,A lot less than school work,0,6
75,11/8/2018 15:48:34,3,Engineering,90-94%,1st_Gen,Undergraduate,Undergraduate,2,0,Almost Always,Not Enough,0 - 1 day,Only before a deliverable,"Significant,but less than school",1,6
76,11/8/2018 15:48:49,3,Engineering,90-94%,1st_Gen,Undergraduate,College,1,2,A significant amount,Enough,0 - 1 day,I usually keep up,Same or More,0,6
77,11/8/2018 15:52:37,4,Engineering,90-94%,Internationl,Post-Graduate,Post-Graduate,1,2,Almost Always,Not Enough,0 - 1 day,I usually keep up,Same or More,0,0
78,11/8/2018 15:52:49,4,Engineering,90-94%,Internationl,Post-Graduate,Post-Graduate,0,2,Almost Always,Not Enough,0 - 1 day,I usually keep up,Same or More,0,3
79,11/8/2018 15:56:32,3,Engineering,85-89%,2nd+_Gen,Post-Graduate,High School,1,2,A significant amount,Enough,0 - 1 day,"Very regularly, I'm always on top of my work","Significant,but less than school",0,6
80,11/8/2018 15:57:14,3,Engineering,90-94%,2nd+_Gen,Undergraduate,College,1,2,A significant amount,Enough,0 - 1 day,"Very regularly, I'm always on top of my work","Significant,but less than school",0,7
81,11/8/2018 15:58:04,3,Engineering,95-100%,Internationl,Undergraduate,Undergraduate,2,1,A significant amount,Enough,2 - 3 days,I usually keep up,"Significant,but less than school",1,6
82,11/8/2018 16:00:46,3,Engineering,90-94%,1st_Gen,Undergraduate,Undergraduate,2,0,Almost Always,Enough,0 - 1 day,Only before a deliverable,Same or More,1,4
83,11/8/2018 16:17:31,2,Engineering,90-94%,2nd+_Gen,Post-Graduate (Masters +),Post-Graduate (Masters +),0,2,A significant amount,Enough,0 - 1 day,Only before a deliverable,"Significant,but less than school",0,6
84,11/8/2018 16:18:31,4,Engineering,85-89%,1st_Gen,Undergraduate (Bachelors),Undergraduate (Bachelors),0,1,A significant amount,Not Enough,2 - 3 days,Only before a deliverable,"Significant,but less than school",1,2
85,11/8/2018 16:18:33,3,Engineering,90-94%,1st_Gen,College (Diploma),Post-Graduate (Masters +),0,2,Almost Always,Not Enough,2 - 3 days,"Very regularly, I'm always on top of my work","Significant,but less than school",0,0
86,11/8/2018 16:18:44,4,Engineering,85-89%,1st_Gen,High School,High School,1,2,A significant amount,Not Enough,2 - 3 days,I usually keep up,"Significant,but less than school",1,3
87,11/8/2018 16:18:50,2,Engineering,90-94%,2nd+_Gen,College (Diploma),College (Diploma),1,1,Regularly,Enough,2 - 3 days,Only before a deliverable,A lot less than school work,1,4
88,11/8/2018 16:19:21,3,Engineering,95-100%,Internationl,Post-Graduate (Masters +),Post-Graduate (Masters +),1,0,A significant amount,More than Enough,4+ days,I usually keep up,A lot less than school work,0,6
89,11/8/2018 16:21:02,2,Engineering,95-100%,Internationl,College (Diploma),College (Diploma),1,0,A significant amount,Not Enough,0 - 1 day,Only before a deliverable,A lot less than school work,1,2
90,11/8/2018 16:25:06,2,Engineering,95-100%,2nd+_Gen,Undergraduate (Bachelors),High School,2,2,Almost Always,Enough,0 - 1 day,I usually keep up,A lot less than school work,1,6
91,11/8/2018 16:25:11,2,Engineering,90-94%,1st_Gen,Post-Graduate (Masters +),Post-Graduate (Masters +),1,1,A significant amount,Not Enough,0 - 1 day,"Very regularly, I'm always on top of my work","Significant,but less than school",1,2
92,11/8/2018 16:25:26,2,Engineering,85-89%,2nd+_Gen,Post-Graduate (Masters +),College (Diploma),0,2,A significant amount,Enough,0 - 1 day,"Very regularly, I'm always on top of my work","Significant,but less than school",0,4
93,11/8/2018 16:25:51,4,Engineering,90-94%,2nd+_Gen,High School,High School,1,2,Almost Always,Enough,2 - 3 days,I usually keep up,Same or More,1,6
94,11/8/2018 16:26:22,2,Engineering,90-94%,2nd+_Gen,High School,High School,2,2,A significant amount,Not Enough,2 - 3 days,I usually keep up,A lot less than school work,1,3
95,11/8/2018 16:26:52,4,Engineering,90-94%,2nd+_Gen,College (Diploma),College (Diploma),2,2,Almost Always,Enough,4+ days,Only before a deliverable,"Significant,but less than school",1,6
97,11/8/2018 16:27:39,3,Engineering,80-84%,1st_Gen,College (Diploma),,0,0,A significant amount,Not Enough,0 - 1 day,"Very regularly, I'm always on top of my work","Significant,but less than school",0,6
98,11/8/2018 16:29:08,4,Engineering,90-94%,2nd+_Gen,Post-Graduate (Masters +),Undergraduate (Bachelors),2,2,A significant amount,Enough,2 - 3 days,Only before a deliverable,"Significant,but less than school",1,2
99,11/8/2018 16:33:50,1,Engineering,<80%,2nd+_Gen,Post-Graduate (Masters +),Post-Graduate (Masters +),2,2,A significant amount,Enough,0 - 1 day,"Very regularly, I'm always on top of my work","Significant,but less than school",0,4
100,11/8/2018 16:34:14,1,Engineering,90-94%,2nd+_Gen,Undergraduate (Bachelors),Undergraduate (Bachelors),1,2,A significant amount,Enough,0 - 1 day,"Very regularly, I'm always on top of my work","Significant,but less than school",1,6
101,11/8/2018 16:34:16,3,Engineering,90-94%,1st_Gen,Post-Graduate (Masters +),Undergraduate (Bachelors),2,1,Almost Always,Not Enough,4+ days,Only before a deliverable,Same or More,1,3
102,11/8/2018 16:34:34,1,Engineering,90-94%,1st_Gen,Post-Graduate (Masters +),Post-Graduate (Masters +),0,2,A significant amount,Enough,0 - 1 day,I usually keep up,"Significant,but less than school",0,4
103,11/8/2018 16:35:42,4,Engineering,90-94%,1st_Gen,College (Diploma),College (Diploma),0,2,Regularly,Not Enough,0 - 1 day,I usually keep up,"Significant,but less than school",1,6
104,11/8/2018 16:36:19,1,Engineering,95-100%,1st_Gen,Post-Graduate (Masters +),Post-Graduate (Masters +),2,2,Regularly,Enough,4+ days,I usually keep up,A lot less than school work,1,4
105,11/8/2018 16:37:35,1,Engineering,95-100%,1st_Gen,High School,,1,2,Regularly,Not Enough,2 - 3 days,Only before a deliverable,"Significant,but less than school",0,3
106,11/8/2018 16:40:43,4,Engineering,90-94%,2nd+_Gen,Undergraduate (Bachelors),Undergraduate (Bachelors),1,2,A significant amount,Enough,0 - 1 day,I usually keep up,A lot less than school work,1,4
107,11/8/2018 16:41:11,2,Engineering,90-94%,1st_Gen,Undergraduate (Bachelors),Undergraduate (Bachelors),0,2,A significant amount,Not Enough,0 - 1 day,I usually keep up,A lot less than school work,0,4
108,11/8/2018 16:41:18,4,Engineering,90-94%,2nd+_Gen,Undergraduate (Bachelors),Undergraduate (Bachelors),1,2,Almost Always,Enough,0 - 1 day,Only before a deliverable,A lot less than school work,0,7
109,11/8/2018 16:41:29,2,Engineering,85-89%,Internationl,Undergraduate (Bachelors),Undergraduate (Bachelors),1,2,Regularly,Not Enough,0 - 1 day,I usually keep up,"Significant,but less than school",1,4
110,11/8/2018 16:41:56,2,Engineering,90-94%,2nd+_Gen,Undergraduate (Bachelors),,0,2,A significant amount,More than Enough,0 - 1 day,I usually keep up,A lot less than school work,0,6
111,11/8/2018 16:42:24,4,Engineering,95-100%,1st_Gen,,Post-Graduate (Masters +),0,2,A significant amount,Not Enough,0 - 1 day,I usually keep up,"Significant,but less than school",1,4
112,11/8/2018 16:43:38,2,Engineering,95-100%,Internationl,Undergraduate (Bachelors),College (Diploma),2,2,Almost Always,Enough,0 - 1 day,I usually keep up,"Significant,but less than school",0,6
113,11/8/2018 16:43:46,2,Engineering,95-100%,1st_Gen,Post-Graduate (Masters +),Undergraduate (Bachelors),0,1,Almost Always,Not Enough,0 - 1 day,I usually keep up,"Significant,but less than school",0,6
114,11/8/2018 16:44:30,2,Engineering,90-94%,1st_Gen,Undergraduate (Bachelors),Undergraduate (Bachelors),1,1,A significant amount,Not Enough,0 - 1 day,Only before a deliverable,Almost none,1,1
115,11/8/2018 16:45:31,2,Engineering,95-100%,2nd+_Gen,Undergraduate (Bachelors),Post-Graduate (Masters +),2,2,A significant amount,Enough,4+ days,I usually keep up,A lot less than school work,0,7
116,11/8/2018 16:45:56,3,Engineering,90-94%,1st_Gen,Post-Graduate (Masters +),Undergraduate (Bachelors),1,2,Almost Always,Enough,0 - 1 day,I usually keep up,"Significant,but less than school",1,4
117,11/8/2018 16:45:59,4,Engineering,90-94%,1st_Gen,Undergraduate (Bachelors),Undergraduate (Bachelors),2,1,A significant amount,Not Enough,2 - 3 days,I usually keep up,Same or More,1,4
118,11/8/2018 16:46:17,2,Engineering,90-94%,2nd+_Gen,Undergraduate (Bachelors),Undergraduate (Bachelors),2,2,A significant amount,Enough,4+ days,I usually keep up,A lot less than school work,1,6
119,11/8/2018 16:46:26,4,Engineering,90-94%,1st_Gen,Undergraduate (Bachelors),Undergraduate (Bachelors),0,0,A significant amount,Enough,0 - 1 day,Only before a deliverable,Almost none,1,3
120,11/8/2018 16:47:49,2,Engineering,95-100%,Internationl,Undergraduate (Bachelors),Post-Graduate (Masters +),1,2,A significant amount,Enough,2 - 3 days,I usually keep up,"Significant,but less than school",0,6
121,11/8/2018 16:47:56,4,Engineering,85-89%,2nd+_Gen,High School,College (Diploma),1,0,A significant amount,Enough,0 - 1 day,"Very regularly, I'm always on top of my work",Almost none,0,6
122,11/8/2018 16:48:06,2,Engineering,95-100%,2nd+_Gen,Post-Graduate (Masters +),Post-Graduate (Masters +),0,2,Almost Always,Enough,2 - 3 days,Only before a deliverable,A lot less than school work,1,6
123,11/8/2018 16:49:25,4,Engineering,95-100%,2nd+_Gen,Post-Graduate (Masters +),Post-Graduate (Masters +),1,2,A significant amount,Not Enough,0 - 1 day,I usually keep up,A lot less than school work,0,7
124,11/8/2018 16:49:57,4,Engineering,95-100%,Internationl,Post-Graduate (Masters +),Undergraduate (Bachelors),2,2,Almost Always,Not Enough,0 - 1 day,I usually keep up,Almost none,0,7
125,11/8/2018 16:50:19,3,Engineering,90-94%,Internationl,Undergraduate (Bachelors),High School,1,2,A significant amount,Enough,0 - 1 day,Only before a deliverable,"Significant,but less than school",0,6
126,11/8/2018 16:50:36,4,Engineering,90-94%,1st_Gen,Undergraduate (Bachelors),Post-Graduate (Masters +),1,2,A significant amount,Not Enough,0 - 1 day,I usually keep up,A lot less than school work,1,3
127,11/8/2018 16:51:07,4,Engineering,85-89%,2nd+_Gen,Undergraduate (Bachelors),Undergraduate (Bachelors),1,2,Almost Always,Not Enough,0 - 1 day,I usually keep up,A lot less than school work,1,6
128,11/8/2018 16:53:15,4,Engineering,85-89%,Internationl,Undergraduate (Bachelors),College (Diploma),2,2,A significant amount,Enough,0 - 1 day,Only before a deliverable,A lot less than school work,0,6
129,11/8/2018 16:57:15,2,Engineering,85-89%,1st_Gen,Post-Graduate (Masters +),Undergraduate (Bachelors),0,1,Almost Always,Enough,0 - 1 day,I usually keep up,"Significant,but less than school",0,3
130,11/8/2018 17:03:48,2,Engineering,90-94%,1st_Gen,Post-Graduate (Masters +),Undergraduate (Bachelors),1,2,A significant amount,Not Enough,0 - 1 day,I usually keep up,A lot less than school work,1,1
131,11/8/2018 17:15:32,2,Engineering,90-94%,1st_Gen,High School,High School,0,2,A significant amount,Enough,0 - 1 day,I usually keep up,A lot less than school work,1,2
132,11/8/2018 17:15:34,2,Engineering,90-94%,2nd+_Gen,College (Diploma),High School,1,2,A significant amount,Enough,0 - 1 day,I usually keep up,A lot less than school work,1,3
133,11/8/2018 17:16:41,4,Engineering,95-100%,1st_Gen,Post-Graduate (Masters +),Post-Graduate (Masters +),1,2,A significant amount,Not Enough,0 - 1 day,I usually keep up,"Significant,but less than school",0,7
134,11/8/2018 17:16:54,4,Engineering,80-84%,Internationl,College (Diploma),High School,0,2,Regularly,Enough,2 - 3 days,I usually keep up,"Significant,but less than school",0,7
135,11/8/2018 17:17:19,4,Engineering,85-89%,Internationl,Undergraduate (Bachelors),Undergraduate (Bachelors),1,2,A significant amount,Not Enough,0 - 1 day,I usually keep up,"Significant,but less than school",0,7
136,11/8/2018 17:19:23,3,Engineering,95-100%,2nd+_Gen,High School,High School,1,2,A significant amount,Not Enough,0 - 1 day,"Very regularly, I'm always on top of my work","Significant,but less than school",1,7
137,11/8/2018 17:19:30,4,Engineering,90-94%,2nd+_Gen,Undergraduate (Bachelors),Undergraduate (Bachelors),2,1,A significant amount,Not Enough,0 - 1 day,Only before a deliverable,A lot less than school work,0,6
138,11/8/2018 17:20:30,3,Engineering,90-94%,2nd+_Gen,College (Diploma),Undergraduate (Bachelors),2,2,A significant amount,Enough,0 - 1 day,I usually keep up,"Significant,but less than school",1,4
139,11/8/2018 17:21:08,4,Engineering,90-94%,2nd+_Gen,Post-Graduate (Masters +),College (Diploma),2,1,Regularly,Enough,4+ days,I usually keep up,Same or More,1,6
140,11/8/2018 17:21:33,3,Engineering,90-94%,2nd+_Gen,Undergraduate (Bachelors),Undergraduate (Bachelors),2,1,Almost Always,Enough,2 - 3 days,I usually keep up,Same or More,1,4
141,11/8/2018 17:22:47,4,Engineering,90-94%,Internationl,Post-Graduate (Masters +),Post-Graduate (Masters +),2,1,Almost Always,Not Enough,0 - 1 day,"Very regularly, I'm always on top of my work",A lot less than school work,0,8
142,11/8/2018 17:23:19,2,Engineering,95-100%,1st_Gen,Post-Graduate (Masters +),High School,1,2,Regularly,Not Enough,0 - 1 day,"Very regularly, I'm always on top of my work",A lot less than school work,1,4
143,11/8/2018 17:23:42,4,Engineering,80-84%,Internationl,College (Diploma),College (Diploma),1,2,A significant amount,Not Enough,0 - 1 day,Only before a deliverable,A lot less than school work,0,8
144,11/8/2018 17:24:31,2,Engineering,90-94%,Internationl,Undergraduate (Bachelors),Undergraduate (Bachelors),1,1,A significant amount,Not Enough,2 - 3 days,I usually keep up,A lot less than school work,1,3
145,11/8/2018 17:24:44,4,Engineering,90-94%,2nd+_Gen,Undergraduate (Bachelors),College (Diploma),1,2,Almost Always,Not Enough,0 - 1 day,I usually keep up,A lot less than school work,1,8
146,11/8/2018 17:25:02,3,Engineering,95-100%,1st_Gen,Undergraduate (Bachelors),Post-Graduate (Masters +),1,1,Regularly,Not Enough,0 - 1 day,I usually keep up,"Significant,but less than school",0,7
147,11/8/2018 17:25:11,4,Engineering,80-84%,Internationl,Undergraduate (Bachelors),Post-Graduate (Masters +),1,2,Almost Always,Not Enough,2 - 3 days,Only before a deliverable,Almost none,0,6
148,11/8/2018 17:26:27,2,Engineering,95-100%,2nd+_Gen,Post-Graduate (Masters +),Undergraduate (Bachelors),1,2,A significant amount,Not Enough,2 - 3 days,I usually keep up,Almost none,0,6
149,11/8/2018 17:26:54,2,Engineering,90-94%,1st_Gen,Post-Graduate (Masters +),Post-Graduate (Masters +),1,2,Almost Always,Enough,4+ days,I usually keep up,A lot less than school work,0,8
150,11/8/2018 17:27:01,3,Engineering,95-100%,2nd+_Gen,Post-Graduate (Masters +),Post-Graduate (Masters +),1,1,A significant amount,Enough,0 - 1 day,Only before a deliverable,Same or More,0,7
151,11/8/2018 17:27:18,3,Engineering,95-100%,2nd+_Gen,Post-Graduate (Masters +),Post-Graduate (Masters +),0,2,Almost Always,Not Enough,0 - 1 day,I usually keep up,"Significant,but less than school",0,6
152,11/8/2018 17:28:52,2,Engineering,85-89%,Internationl,Undergraduate (Bachelors),Undergraduate (Bachelors),1,2,Regularly,Enough,2 - 3 days,Only before a deliverable,"Significant,but less than school",0,6
153,11/8/2018 17:29:00,1,Engineering,90-94%,2nd+_Gen,Post-Graduate (Masters +),College (Diploma),1,2,A significant amount,Not Enough,0 - 1 day,I usually keep up,Almost none,0,6
154,11/8/2018 17:29:42,2,Engineering,85-89%,Internationl,Undergraduate (Bachelors),College (Diploma),2,2,Regularly,Enough,2 - 3 days,I usually keep up,A lot less than school work,0,6
155,11/8/2018 17:30:08,3,Engineering,95-100%,1st_Gen,Post-Graduate (Masters +),Undergraduate (Bachelors),0,2,Almost Always,Not Enough,0 - 1 day,I usually keep up,A lot less than school work,1,7
156,11/8/2018 17:31:23,4,Engineering,85-89%,Internationl,Undergraduate (Bachelors),Undergraduate (Bachelors),2,2,A significant amount,Enough,0 - 1 day,Only before a deliverable,"Significant,but less than school",1,6
157,11/8/2018 17:31:34,4,Engineering,85-89%,Internationl,Post-Graduate (Masters +),Post-Graduate (Masters +),2,2,A significant amount,Enough,2 - 3 days,I usually keep up,"Significant,but less than school",1,6
158,11/8/2018 17:32:29,2,Engineering,90-94%,2nd+_Gen,Post-Graduate (Masters +),Undergraduate (Bachelors),1,2,Almost Always,Not Enough,0 - 1 day,I usually keep up,A lot less than school work,0,4
159,11/8/2018 17:34:22,2,Engineering,95-100%,1st_Gen,Post-Graduate (Masters +),Undergraduate (Bachelors),1,2,A significant amount,Not Enough,0 - 1 day,"Very regularly, I'm always on top of my work","Significant,but less than school",0,0
160,11/8/2018 17:36:25,3,Engineering,90-94%,2nd+_Gen,Post-Graduate (Masters +),Post-Graduate (Masters +),1,2,Almost Always,More than Enough,2 - 3 days,I usually keep up,A lot less than school work,1,4
161,11/8/2018 17:37:38,3,Engineering,90-94%,1st_Gen,Undergraduate (Bachelors),College (Diploma),2,2,A significant amount,Not Enough,4+ days,I usually keep up,A lot less than school work,1,6
162,11/8/2018 17:40:02,3,Engineering,80-84%,2nd+_Gen,High School,High School,1,2,Almost Always,Enough,2 - 3 days,Only before a deliverable,"Significant,but less than school",1,2
163,11/8/2018 17:40:35,3,Engineering,80-84%,2nd+_Gen,High School,High School,1,2,Almost Always,Enough,2 - 3 days,Only before a deliverable,"Significant,but less than school",1,2
164,11/8/2018 17:40:41,2,Engineering,80-84%,1st_Gen,Undergraduate (Bachelors),Undergraduate (Bachelors),2,2,Regularly,Enough,0 - 1 day,I usually keep up,"Significant,but less than school",1,4
165,11/8/2018 17:41:34,1,Engineering,90-94%,1st_Gen,Undergraduate (Bachelors),Undergraduate (Bachelors),1,2,A significant amount,More than Enough,2 - 3 days,I usually keep up,A lot less than school work,0,6
166,11/8/2018 17:42:09,2,Engineering,90-94%,2nd+_Gen,College (Diploma),Undergraduate (Bachelors),1,2,A significant amount,Not Enough,2 - 3 days,I usually keep up,A lot less than school work,0,6
167,11/8/2018 17:43:40,2,Engineering,90-94%,2nd+_Gen,High School,High School,2,2,A significant amount,Enough,2 - 3 days,I usually keep up,Almost none,0,6
168,11/8/2018 17:43:48,3,Engineering,90-94%,1st_Gen,Undergraduate (Bachelors),Post-Graduate (Masters +),0,2,Regularly,Enough,2 - 3 days,Only before a deliverable,A lot less than school work,0,7
169,11/8/2018 17:46:12,3,Engineering,85-89%,2nd+_Gen,Undergraduate (Bachelors),,0,2,A significant amount,Enough,0 - 1 day,I usually keep up,"Significant,but less than school",1,4
170,11/8/2018 17:46:54,3,Engineering,85-89%,1st_Gen,Undergraduate (Bachelors),Undergraduate (Bachelors),1,2,Almost never,Enough,2 - 3 days,"Very regularly, I'm always on top of my work","Significant,but less than school",0,8
171,11/8/2018 17:51:59,1,Engineering,90-94%,1st_Gen,Post-Graduate (Masters +),Post-Graduate (Masters +),1,2,Almost Always,Not Enough,2 - 3 days,I usually keep up,A lot less than school work,1,4
172,11/8/2018 17:52:06,1,Engineering,85-89%,1st_Gen,Undergraduate (Bachelors),Undergraduate (Bachelors),1,2,A significant amount,Enough,2 - 3 days,Only before a deliverable,A lot less than school work,1,2
173,11/8/2018 17:52:12,2,Engineering,90-94%,2nd+_Gen,Post-Graduate (Masters +),Undergraduate (Bachelors),1,2,A significant amount,Enough,4+ days,I usually keep up,"Significant,but less than school",1,6
174,11/8/2018 17:52:25,2,Engineering,90-94%,Internationl,Undergraduate (Bachelors),Undergraduate (Bachelors),1,1,Almost Always,More than Enough,2 - 3 days,I usually keep up,"Significant,but less than school",0,7
175,11/8/2018 17:52:40,4,Engineering,90-94%,2nd+_Gen,Undergraduate (Bachelors),High School,1,2,Almost Always,Enough,4+ days,"Very regularly, I'm always on top of my work","Significant,but less than school",1,4
176,11/8/2018 17:52:51,2,Engineering,95-100%,2nd+_Gen,High School,Undergraduate (Bachelors),2,1,Almost Always,More than Enough,4+ days,"Very regularly, I'm always on top of my work","Significant,but less than school",0,7
177,11/8/2018 17:57:16,4,Engineering,85-89%,1st_Gen,Post-Graduate (Masters +),Undergraduate (Bachelors),1,2,Almost Always,Enough,0 - 1 day,I usually keep up,A lot less than school work,1,4
178,11/8/2018 17:58:30,4,Engineering,90-94%,1st_Gen,Undergraduate (Bachelors),Undergraduate (Bachelors),1,2,A significant amount,Not Enough,0 - 1 day,I usually keep up,"Significant,but less than school",0,7
179,11/8/2018 17:58:34,3,Engineering,95-100%,2nd+_Gen,High School,High School,1,2,A significant amount,Not Enough,2 - 3 days,"Very regularly, I'm always on top of my work","Significant,but less than school",0,7
180,11/8/2018 18:00:45,4,Engineering,95-100%,2nd+_Gen,Undergraduate (Bachelors),High School,2,1,Almost Always,Enough,0 - 1 day,Only before a deliverable,Same or More,0,6
181,11/9/2018 1:48:00,4,Engineering,85-89%,2nd+_Gen,High School,High School,2,0,Almost Always,Enough,0 - 1 day,Only before a deliverable,"Significant,but less than school",1,1
182,11/9/2018 10:04:33,3,Engineering,90-94%,2nd+_Gen,Post-Graduate (Masters +),Post-Graduate (Masters +),2,1,Regularly,Not Enough,4+ days,Only before a deliverable,Same or More,1,3
183,11/9/2018 12:27:12,3,Engineering,85-89%,1st_Gen,Post-Graduate (Masters +),Undergraduate (Bachelors),1,2,A significant amount,Not Enough,0 - 1 day,Only before a deliverable,A lot less than school work,1,3
184,11/9/2018 13:33:46,3,Engineering,90-94%,2nd+_Gen,College (Diploma),High School,1,2,Almost Always,Not Enough,2 - 3 days,I usually keep up,"Significant,but less than school",0,4
185,11/9/2018 13:34:52,3,Engineering,85-89%,2nd+_Gen,Post-Graduate (Masters +),Undergraduate (Bachelors),2,2,A significant amount,Enough,2 - 3 days,I usually keep up,A lot less than school work,0,6
186,11/9/2018 13:45:40,1,Engineering,90-94%,1st_Gen,Post-Graduate (Masters +),Post-Graduate (Masters +),2,2,Almost Always,Not Enough,0 - 1 day,I usually keep up,A lot less than school work,0,0
187,11/9/2018 13:46:14,1,Engineering,90-94%,1st_Gen,Post-Graduate (Masters +),Post-Graduate (Masters +),2,2,Almost never,Not Enough,0 - 1 day,I usually keep up,"Significant,but less than school",1,0
188,11/9/2018 13:46:22,1,Engineering,85-89%,1st_Gen,Post-Graduate (Masters +),Undergraduate (Bachelors),1,2,Almost Always,Not Enough,0 - 1 day,Only before a deliverable,"Significant,but less than school",0,6
189,11/9/2018 13:46:51,1,Engineering,90-94%,1st_Gen,,Undergraduate (Bachelors),2,2,A significant amount,Not Enough,0 - 1 day,I usually keep up,Almost none,1,0
190,11/9/2018 13:47:33,1,Engineering,95-100%,1st_Gen,Undergraduate (Bachelors),High School,0,2,Almost Always,More than Enough,0 - 1 day,I usually keep up,"Significant,but less than school",0,4
191,11/9/2018 13:48:40,1,Engineering,95-100%,1st_Gen,Post-Graduate (Masters +),Undergraduate (Bachelors),1,2,Almost Always,Not Enough,0 - 1 day,"Very regularly, I'm always on top of my work","Significant,but less than school",0,0
192,11/9/2018 13:51:56,2,Engineering,90-94%,2nd+_Gen,College (Diploma),Undergraduate (Bachelors),2,2,Almost Always,Enough,0 - 1 day,I usually keep up,"Significant,but less than school",1,6
193,11/9/2018 13:52:06,2,Engineering,95-100%,2nd+_Gen,Post-Graduate (Masters +),Post-Graduate (Masters +),1,2,A significant amount,Enough,4+ days,"Very regularly, I'm always on top of my work",A lot less than school work,1,3
194,11/9/2018 13:52:52,1,Engineering,90-94%,1st_Gen,Undergraduate (Bachelors),Undergraduate (Bachelors),1,2,Regularly,Not Enough,4+ days,"Very regularly, I'm always on top of my work","Significant,but less than school",0,6
195,11/9/2018 13:53:09,2,Engineering,90-94%,2nd+_Gen,Undergraduate (Bachelors),College (Diploma),1,2,Regularly,Enough,0 - 1 day,I usually keep up,A lot less than school work,0,4
196,11/9/2018 13:55:24,2,Engineering,90-94%,2nd+_Gen,Undergraduate (Bachelors),Undergraduate (Bachelors),2,2,A significant amount,Enough,2 - 3 days,Only before a deliverable,Almost none,1,6
197,11/9/2018 13:55:26,2,Engineering,90-94%,2nd+_Gen,College (Diploma),Post-Graduate (Masters +),1,2,Regularly,Enough,2 - 3 days,I usually keep up,A lot less than school work,0,6
198,11/9/2018 13:56:01,2,Engineering,90-94%,2nd+_Gen,Undergraduate (Bachelors),High School,1,2,Regularly,Enough,0 - 1 day,"Very regularly, I'm always on top of my work",A lot less than school work,0,8
199,11/9/2018 13:56:04,2,Engineering,90-94%,2nd+_Gen,High School,High School,1,2,A significant amount,Enough,2 - 3 days,"Very regularly, I'm always on top of my work","Significant,but less than school",1,3
200,11/9/2018 13:57:13,2,Engineering,90-94%,2nd+_Gen,Undergraduate (Bachelors),College (Diploma),1,2,A significant amount,Not Enough,0 - 1 day,"Very regularly, I'm always on top of my work",Same or More,0,4
201,11/9/2018 14:02:20,2,Engineering,90-94%,2nd+_Gen,Undergraduate (Bachelors),College (Diploma),2,1,Almost Always,Enough,4+ days,I usually keep up,Almost none,1,2
202,11/9/2018 14:02:49,2,Engineering,90-94%,2nd+_Gen,Undergraduate (Bachelors),Undergraduate (Bachelors),2,2,A significant amount,Not Enough,2 - 3 days,I usually keep up,A lot less than school work,0,6
203,11/9/2018 14:03:04,2,Engineering,90-94%,2nd+_Gen,Undergraduate (Bachelors),Post-Graduate (Masters +),0,2,Almost Always,Enough,0 - 1 day,Only before a deliverable,A lot less than school work,1,2
204,11/9/2018 14:07:04,4,Engineering,95-100%,2nd+_Gen,Undergraduate (Bachelors),Undergraduate (Bachelors),1,2,A significant amount,Not Enough,0 - 1 day,Only before a deliverable,A lot less than school work,1,7
205,11/9/2018 14:16:28,3,Engineering,85-89%,1st_Gen,College (Diploma),College (Diploma),1,2,A significant amount,Enough,2 - 3 days,I usually keep up,"Significant,but less than school",0,6
206,11/9/2018 14:24:09,2,Engineering,90-94%,1st_Gen,High School,Undergraduate (Bachelors),2,1,Almost Always,Not Enough,2 - 3 days,Only before a deliverable,Almost none,0,4
207,11/9/2018 14:24:18,2,Engineering,95-100%,2nd+_Gen,High School,Undergraduate (Bachelors),2,2,A significant amount,Enough,2 - 3 days,I usually keep up,Same or More,0,9
208,11/9/2018 14:24:35,2,Engineering,90-94%,2nd+_Gen,Undergraduate (Bachelors),Undergraduate (Bachelors),2,2,A significant amount,Enough,4+ days,Only before a deliverable,A lot less than school work,1,4
209,11/9/2018 14:24:50,2,Engineering,95-100%,1st_Gen,Undergraduate (Bachelors),College (Diploma),2,1,Almost Always,More than Enough,0 - 1 day,I usually keep up,A lot less than school work,0,4
210,11/9/2018 14:25:08,2,Engineering,85-89%,2nd+_Gen,High School,High School,2,1,Almost Always,Not Enough,0 - 1 day,I usually keep up,Almost none,1,2
211,11/9/2018 14:25:32,2,Engineering,90-94%,1st_Gen,High School,High School,1,2,Almost Always,Not Enough,0 - 1 day,I usually keep up,"Significant,but less than school",0,4
212,11/9/2018 14:25:37,2,Engineering,90-94%,1st_Gen,Post-Graduate (Masters +),Undergraduate (Bachelors),2,1,A significant amount,Enough,4+ days,Only before a deliverable,"Significant,but less than school",1,4
213,11/9/2018 14:26:42,2,Engineering,90-94%,2nd+_Gen,College (Diploma),College (Diploma),1,2,Regularly,Enough,0 - 1 day,I usually keep up,"Significant,but less than school",1,2
214,11/9/2018 14:26:46,2,Engineering,90-94%,1st_Gen,Post-Graduate (Masters +),Undergraduate (Bachelors),2,2,Almost Always,Enough,2 - 3 days,I usually keep up,"Significant,but less than school",1,2
215,11/9/2018 14:26:49,2,Engineering,90-94%,1st_Gen,Post-Graduate (Masters +),Post-Graduate (Masters +),2,2,A significant amount,Enough,0 - 1 day,"Very regularly, I'm always on top of my work","Significant,but less than school",1,3
216,11/9/2018 14:26:58,2,Engineering,90-94%,2nd+_Gen,High School,College (Diploma),1,1,Almost Always,Not Enough,2 - 3 days,I usually keep up,"Significant,but less than school",0,3
217,11/9/2018 14:27:02,2,Engineering,95-100%,1st_Gen,Undergraduate (Bachelors),Undergraduate (Bachelors),0,2,Almost Always,Not Enough,0 - 1 day,I usually keep up,"Significant,but less than school",0,6
218,11/9/2018 14:27:02,2,Engineering,95-100%,2nd+_Gen,Post-Graduate (Masters +),Undergraduate (Bachelors),2,2,Almost Always,Enough,4+ days,I usually keep up,Same or More,0,7
219,11/9/2018 14:27:05,2,Engineering,90-94%,2nd+_Gen,Undergraduate (Bachelors),Undergraduate (Bachelors),1,2,Almost Always,More than Enough,0 - 1 day,Only before a deliverable,A lot less than school work,0,6
220,11/9/2018 14:27:10,2,Engineering,85-89%,1st_Gen,High School,College (Diploma),1,2,Almost Always,Not Enough,0 - 1 day,I usually keep up,"Significant,but less than school",0,6
221,11/9/2018 14:27:14,2,Engineering,90-94%,2nd+_Gen,Undergraduate (Bachelors),Undergraduate (Bachelors),1,2,Almost Always,Enough,2 - 3 days,Only before a deliverable,"Significant,but less than school",1,6
222,11/9/2018 14:27:21,2,Engineering,<80%,1st_Gen,Undergraduate (Bachelors),Undergraduate (Bachelors),2,0,Almost Always,More than Enough,4+ days,"Very regularly, I'm always on top of my work","Significant,but less than school",1,3
223,11/9/2018 14:27:27,2,Engineering,95-100%,2nd+_Gen,Post-Graduate (Masters +),Undergraduate (Bachelors),1,2,Almost Always,More than Enough,2 - 3 days,"Very regularly, I'm always on top of my work",A lot less than school work,0,8
224,11/9/2018 14:27:39,2,Engineering,85-89%,2nd+_Gen,Undergraduate (Bachelors),Undergraduate (Bachelors),2,2,Regularly,Enough,2 - 3 days,I usually keep up,Same or More,1,6
225,11/9/2018 14:27:39,2,Engineering,85-89%,2nd+_Gen,High School,High School,0,2,Almost Always,Not Enough,0 - 1 day,I usually keep up,A lot less than school work,0,8
226,11/9/2018 14:27:48,2,Engineering,90-94%,2nd+_Gen,Undergraduate (Bachelors),Post-Graduate (Masters +),1,2,Almost Always,Enough,0 - 1 day,Only before a deliverable,Same or More,0,7
227,11/9/2018 14:27:52,2,Engineering,90-94%,1st_Gen,Undergraduate (Bachelors),Undergraduate (Bachelors),1,2,Almost Always,Enough,0 - 1 day,I usually keep up,"Significant,but less than school",1,4
228,11/9/2018 14:27:58,2,Engineering,90-94%,2nd+_Gen,Undergraduate (Bachelors),Undergraduate (Bachelors),2,2,Almost Always,Enough,2 - 3 days,"Very regularly, I'm always on top of my work",Same or More,0,7
229,11/9/2018 14:27:59,2,Engineering,90-94%,2nd+_Gen,Undergraduate (Bachelors),Undergraduate (Bachelors),2,2,A significant amount,Enough,4+ days,I usually keep up,"Significant,but less than school",1,1
230,11/9/2018 14:28:05,2,Engineering,90-94%,2nd+_Gen,College (Diploma),College (Diploma),2,2,Almost Always,More than Enough,2 - 3 days,Only before a deliverable,"Significant,but less than school",0,6
231,11/9/2018 14:28:09,2,Engineering,90-94%,2nd+_Gen,High School,High School,2,2,Regularly,Enough,2 - 3 days,I usually keep up,"Significant,but less than school",0,7
232,11/9/2018 14:28:22,2,Engineering,90-94%,1st_Gen,Post-Graduate (Masters +),Undergraduate (Bachelors),2,2,Almost Always,Not Enough,0 - 1 day,I usually keep up,"Significant,but less than school",1,2
233,11/9/2018 14:28:26,2,Engineering,90-94%,Internationl,Undergraduate (Bachelors),Post-Graduate (Masters +),1,2,A significant amount,Enough,2 - 3 days,I usually keep up,Same or More,1,4
234,11/9/2018 14:28:37,2,Engineering,85-89%,2nd+_Gen,Undergraduate (Bachelors),Undergraduate (Bachelors),1,2,A significant amount,Enough,0 - 1 day,I usually keep up,Same or More,1,3
235,11/9/2018 14:28:38,2,Engineering,90-94%,1st_Gen,Post-Graduate (Masters +),Undergraduate (Bachelors),1,2,Almost Always,Not Enough,0 - 1 day,Only before a deliverable,Same or More,0,8
236,11/9/2018 14:28:52,2,Engineering,90-94%,1st_Gen,Undergraduate (Bachelors),Post-Graduate (Masters +),0,2,Almost Always,Enough,0 - 1 day,I usually keep up,A lot less than school work,1,2
237,11/9/2018 14:29:00,2,Engineering,85-89%,Internationl,Undergraduate (Bachelors),Undergraduate (Bachelors),1,2,A significant amount,Enough,0 - 1 day,I usually keep up,"Significant,but less than school",1,3
238,11/9/2018 14:29:09,2,Engineering,90-94%,2nd+_Gen,Post-Graduate (Masters +),Undergraduate (Bachelors),1,2,A significant amount,Enough,0 - 1 day,Only before a deliverable,"Significant,but less than school",0,7
239,11/9/2018 14:29:18,2,Engineering,90-94%,2nd+_Gen,College (Diploma),High School,1,1,Almost Always,Enough,0 - 1 day,Only before a deliverable,"Significant,but less than school",1,4
240,11/9/2018 14:29:28,2,Engineering,90-94%,2nd+_Gen,Post-Graduate (Masters +),Post-Graduate (Masters +),1,0,Almost Always,Not Enough,2 - 3 days,Only before a deliverable,Same or More,0,6
241,11/9/2018 14:29:41,2,Engineering,95-100%,1st_Gen,Undergraduate (Bachelors),College (Diploma),2,2,A significant amount,Enough,2 - 3 days,I usually keep up,A lot less than school work,0,7
242,11/9/2018 14:29:43,2,Engineering,85-89%,1st_Gen,High School,High School,0,2,A significant amount,Not Enough,0 - 1 day,I usually keep up,"Significant,but less than school",1,0
243,11/9/2018 14:30:53,2,Engineering,90-94%,Internationl,Undergraduate (Bachelors),Undergraduate (Bachelors),1,2,A significant amount,Not Enough,0 - 1 day,Only before a deliverable,"Significant,but less than school",1,4
244,11/9/2018 14:36:35,2,Engineering,85-89%,2nd+_Gen,College (Diploma),High School,0,2,A significant amount,Not Enough,0 - 1 day,I usually keep up,"Significant,but less than school",1,4
245,11/9/2018 14:38:07,2,Engineering,90-94%,1st_Gen,Undergraduate (Bachelors),Undergraduate (Bachelors),1,2,Almost Always,Enough,4+ days,I usually keep up,A lot less than school work,1,6
246,11/9/2018 14:38:17,2,Engineering,85-89%,1st_Gen,Post-Graduate (Masters +),Post-Graduate (Masters +),1,2,Almost Always,Not Enough,0 - 1 day,I usually keep up,"Significant,but less than school",1,1
247,11/9/2018 14:38:59,2,Engineering,90-94%,2nd+_Gen,Undergraduate (Bachelors),Undergraduate (Bachelors),2,1,A significant amount,More than Enough,4+ days,I usually keep up,"Significant,but less than school",1,6
248,11/9/2018 14:40:15,2,Engineering,85-89%,2nd+_Gen,Undergraduate (Bachelors),College (Diploma),1,1,Regularly,Enough,4+ days,Only before a deliverable,A lot less than school work,0,4
249,11/9/2018 14:51:19,2,Engineering,90-94%,2nd+_Gen,Undergraduate (Bachelors),Undergraduate (Bachelors),2,2,Regularly,Not Enough,0 - 1 day,"Very regularly, I'm always on top of my work","Significant,but less than school",1,2
250,11/9/2018 16:02:16,2,Engineering,95-100%,2nd+_Gen,High School,High School,0,2,A significant amount,Not Enough,0 - 1 day,Only before a deliverable,"Significant,but less than school",1,3
